﻿{"cameraMode":{"drawMode":0,"name":"Shaded","section":"Shading Mode"},"sceneLighting":true,"audioPlay":false,"sceneViewState":{"showFog":true,"showMaterialUpdate":true,"showSkybox":true,"showFlares":true,"showImageEffects":true,"showParticleSystems":true},"in2DMode":false,"pivot":{"x":0.14306163787841798,"y":-0.08047866821289063,"z":-0.08404159545898438},"rotation":{"x":-0.08691414445638657,"y":0.9019479751586914,"z":-0.21528945863246919,"w":-0.3641238510608673},"size":15.529693603515625,"orthographic":false}